"season","round","pick","team","pfr_player_name","position","age","hof","allpro","probowls","seasons_started","seasons_played","w_av","games","RAS","w_av_py","stratum"
1991,5,124,"NWE","Ben Coates","TE",22,FALSE,2,5,7,10,43,158,2.02,4.3,"Stratum 1"
2005,5,163,"ATL","Frank Omiyale","OT",22,FALSE,0,0,2,8,17,75,3.54,2.125,"Stratum 1"
1995,4,120,"PIT","Oliver Gibson","DT",23,FALSE,0,0,4,9,27,133,1.92,3,"Stratum 1"
2020,4,140,"JAX","Shaquille Quarterman","LB",22,FALSE,0,0,0,5,5,74,4.77,1,"Stratum 1"
2001,7,232,"TEN","Keith Adams","LB",21,FALSE,0,0,1,7,14,85,2.61,2,"Stratum 1"
1992,10,271,"KAN","Jerry Ostroski","OG",22,FALSE,0,0,6,10,40,106,2.8,4,"Stratum 1"
2009,1,29,"NYG","Hakeem Nicks","WR",21,FALSE,0,0,4,7,40,92,3.55,5.71428571428571,"Stratum 1"
2007,7,246,"TAM","Kenneth Darby","RB",24,FALSE,0,0,0,4,4,41,0.42,1,"Stratum 1"
1989,4,93,"NYG","Lewis Tillman","RB",23,FALSE,0,0,1,7,17,109,2.21,2.42857142857143,"Stratum 1"
2017,3,105,"PIT","James Conner","RB",22,FALSE,0,2,6,9,49,110,4.33,5.44444444444444,"Stratum 1"
2007,6,205,"WAS","Jordan Palmer","QB",23,FALSE,0,0,0,8,0,5,4.58,0,"Stratum 1"
2009,1,6,"CIN","Andre Smith","OT",22,FALSE,0,0,8,13,41,121,4.02,3.15384615384615,"Stratum 1"
1990,1,23,"RAM","Bern Brostek","OC",23,FALSE,0,0,6,8,34,105,4.84,4.25,"Stratum 1"
1998,4,111,"NYJ","Jason Fabini","OT",24,FALSE,0,0,9,11,53,152,2.37,4.81818181818182,"Stratum 1"
1987,2,50,"TAM","Winston Moss","LB",21,FALSE,0,0,10,11,55,169,5.48,5,"Stratum 1"
1991,2,29,"CLE","Ed King","OG",21,FALSE,0,0,3,7,21,57,4.67,3,"Stratum 1"
1992,7,191,"MIA","Dave Moore","TE",22,FALSE,0,1,5,15,18,220,0.26,1.2,"Stratum 1"
1989,4,99,"IND","Pat Tomberlin","OG",23,FALSE,0,0,1,5,5,18,0,1,"Stratum 1"
1988,2,29,"DET","Chris Spielman","LB",22,FALSE,1,4,10,10,74,148,3.17,7.4,"Stratum 1"
2015,6,184,"TAM","Kaelin Clay","WR",23,FALSE,0,0,0,4,3,22,2.18,0.75,"Stratum 1"
2004,5,156,"NOR","Mike Karney","FB",23,FALSE,0,0,7,7,2,101,1.26,0.285714285714286,"Stratum 1"
2009,7,213,"PHI","Paul Fanaika","OG",23,FALSE,0,0,2,6,13,33,3.09,2.16666666666667,"Stratum 1"
2008,4,112,"CIN","Anthony Collins","OT",22,FALSE,0,0,1,7,16,69,2.87,2.28571428571429,"Stratum 1"
1991,7,190,"CHI","Paul Justin","QB",23,FALSE,0,0,0,9,8,34,3.92,0.888888888888889,"Stratum 1"
2014,6,181,"HOU","Alfred Blue","RB",23,FALSE,0,0,1,5,18,73,5.04,3.6,"Stratum 1"
2003,4,133,"TAM","Austin King","OC",22,FALSE,0,0,0,4,3,34,4.3,0.75,"Stratum 1"
2009,7,244,"SFO","Ricky Jean-Francois","DT",22,FALSE,0,0,4,10,23,137,2.22,2.3,"Stratum 1"
2001,4,126,"BAL","Ed Hartwell","LB",23,FALSE,0,0,3,6,28,77,4.45,4.66666666666667,"Stratum 1"
2012,3,92,"IND","T.Y. Hilton","WR",22,FALSE,0,4,8,11,72,146,5.29,6.54545454545455,"Stratum 1"
2019,6,190,"MIN","Armon Watts","DT",23,FALSE,0,0,1,6,12,77,3.72,2,"Stratum 1"
2015,7,229,"JAX","Ben Koyack","TE",22,FALSE,0,0,0,5,1,48,4.65,0.2,"Stratum 1"
2016,5,150,"CHI","Jordan Howard","RB",21,FALSE,0,1,3,7,27,73,2.53,3.85714285714286,"Stratum 1"
1987,6,159,"HOU","Toby Caston","LB",22,FALSE,0,0,0,7,6,90,3.23,0.857142857142857,"Stratum 1"
2015,1,23,"DEN","Shane Ray","DE",22,FALSE,0,0,1,4,12,49,5.23,3,"Stratum 1"
2013,1,10,"TEN","Chance Warmack","OG",21,FALSE,0,0,3,6,22,68,2.16,3.66666666666667,"Stratum 1"
2006,4,107,"ARI","Gabe Watson","DT",22,FALSE,0,0,1,5,11,62,2.33,2.2,"Stratum 1"
2018,7,244,"LAR","Justin Lawler","DE",23,FALSE,0,0,0,4,1,19,2.42,0.25,"Stratum 1"
1991,3,76,"WAS","Ricky Ervins","RB",22,FALSE,0,0,1,5,23,76,3.4,4.6,"Stratum 1"
2001,3,81,"NOR","Kenny Smith","DT",23,FALSE,0,0,1,9,7,36,4.42,0.777777777777778,"Stratum 1"
1997,3,81,"TEN","Scott Sanderson","OT",23,FALSE,0,0,0,7,7,45,4.34,1,"Stratum 1"
2005,6,213,"BAL","Derek Anderson","QB",22,FALSE,0,1,3,14,23,78,3.51,1.64285714285714,"Stratum 1"
2012,4,99,"HOU","Ben Jones","OC",23,FALSE,0,1,10,11,58,172,4.59,5.27272727272727,"Stratum 1"
2019,5,148,"SFO","Dre Greenlaw","LB",22,FALSE,0,0,4,7,31,72,4.96,4.42857142857143,"Stratum 1"
2013,3,74,"DAL","Terrance Williams","WR",23,FALSE,0,0,4,6,27,83,4.76,4.5,"Stratum 1"
2012,3,64,"IND","Dwayne Allen","TE",22,FALSE,0,0,4,7,12,86,4.73,1.71428571428571,"Stratum 1"
2008,3,64,"DET","Kevin Smith","RB",21,FALSE,0,0,2,5,19,54,4.83,3.8,"Stratum 1"
2009,4,135,"TEN","Troy Kropog","OT",23,FALSE,0,0,0,4,0,7,5.01,0,"Stratum 1"
1996,4,112,"ARI","Aaron Graham","OC",23,FALSE,0,0,2,7,19,92,1.94,2.71428571428571,"Stratum 1"
1995,6,194,"MIA","Jeff Kopp","LB",24,FALSE,0,0,0,5,4,63,5.35,0.8,"Stratum 1"
1998,3,90,"GNB","Jonathan Brown","DE",22,FALSE,0,0,0,4,0,7,5.33,0,"Stratum 1"
1991,8,213,"RAI","Brian Jones","LB",23,FALSE,0,0,1,8,7,44,4.66,0.875,"Stratum 1"
2008,5,155,"JAX","Thomas Williams","LB",23,FALSE,0,0,0,4,1,15,2.99,0.25,"Stratum 1"
2014,3,98,"GNB","Richard Rodgers","TE",22,FALSE,0,0,2,9,14,98,4.57,1.55555555555556,"Stratum 1"
2009,2,51,"BUF","Andy Levitre","OG",23,FALSE,0,0,9,10,55,143,4.91,5.5,"Stratum 1"
2000,4,127,"NWE","Greg Randall","OT",22,FALSE,0,0,2,4,18,51,2.35,4.5,"Stratum 1"
2016,1,30,"CAR","Vernon Butler","DT",22,FALSE,0,0,2,7,13,77,3.57,1.85714285714286,"Stratum 1"
2014,4,107,"OAK","Justin Ellis","DT",23,FALSE,0,0,3,9,25,117,1.27,2.77777777777778,"Stratum 1"
2017,4,109,"MIN","Jaleel Johnson","DT",23,FALSE,0,0,1,7,16,86,1.87,2.28571428571429,"Stratum 1"
1996,5,152,"CHI","Chris Villarrial","OG",23,FALSE,0,0,10,11,49,155,4.97,4.45454545454545,"Stratum 1"
2014,2,57,"SFO","Carlos Hyde","RB",23,FALSE,0,0,4,8,32,102,4.23,4,"Stratum 1"
1999,2,52,"TEN","John Thornton","DT",22,FALSE,0,0,8,10,51,143,1.29,5.1,"Stratum 1"
2010,5,151,"PIT","Chris Scott","OG",23,FALSE,0,0,0,7,9,45,0.57,1.28571428571429,"Stratum 1"
1996,4,114,"SDG","Charlie Jones","WR",23,FALSE,0,0,2,4,13,54,3.56,3.25,"Stratum 1"
2010,2,63,"IND","Pat Angerer","LB",23,FALSE,0,0,3,4,18,54,4.93,4.5,"Stratum 1"
2000,4,96,"NOR","Terrelle Smith","FB",22,FALSE,0,0,8,10,3,146,2.32,0.3,"Stratum 1"
1997,3,88,"NYJ","Dedric Ward","WR",22,FALSE,0,0,1,8,20,103,4.52,2.5,"Stratum 1"
2014,5,176,"GNB","Jared Abbrederis","WR",23,FALSE,0,0,0,4,1,22,4.66,0.25,"Stratum 1"
2009,7,233,"TAM","Sammie Stroughter","WR",23,FALSE,0,0,0,4,5,33,1.79,1.25,"Stratum 1"
2006,3,85,"KAN","Brodie Croyle","QB",23,FALSE,0,0,0,5,2,18,5,0.4,"Stratum 1"
2007,4,124,"SEA","Mansfield Wrotto","OG",22,FALSE,0,0,1,4,6,27,1.96,1.5,"Stratum 1"
1994,6,178,"PIT","Jim Miller","QB",23,FALSE,0,0,2,9,16,37,2.03,1.77777777777778,"Stratum 1"
2018,1,22,"TEN","Rashaan Evans","LB",22,FALSE,0,0,4,7,32,87,5.14,4.57142857142857,"Stratum 1"
2016,4,117,"LAR","Pharoh Cooper","WR",21,FALSE,1,1,0,7,6,75,2.06,0.857142857142857,"Stratum 1"
1996,4,116,"CHI","Paul Grasmanis","DT",22,FALSE,0,0,0,10,12,104,5.11,1.2,"Stratum 1"
1990,2,28,"NYJ","Reggie Rembert","WR",23,FALSE,0,0,0,4,5,28,3.95,1.25,"Stratum 1"
2014,1,32,"MIN","Teddy Bridgewater","QB",21,FALSE,0,1,4,12,49,83,7.16,4.08333333333333,"Stratum 2"
2018,7,234,"CAR","Andre Smith","LB",21,FALSE,0,0,0,6,6,62,5.71,1,"Stratum 2"
1992,4,103,"GNB","Edgar Bennett","RB",23,FALSE,0,0,5,8,50,112,7.07,6.25,"Stratum 2"
2011,6,187,"TAM","Allen Bradford","RB",23,FALSE,0,0,0,5,1,19,6.02,0.2,"Stratum 2"
2010,2,60,"SEA","Golden Tate","WR",22,FALSE,0,1,7,11,58,160,7.49,5.27272727272727,"Stratum 2"
2011,7,214,"HOU","Derek Newton","OT",23,FALSE,0,0,4,8,28,83,6.96,3.5,"Stratum 2"
2017,5,160,"CLE","Roderick Johnson","OT",21,FALSE,0,0,0,4,5,29,7.36,1.25,"Stratum 2"
2005,4,128,"ATL","Chauncey Davis","DE",22,FALSE,0,0,1,7,20,102,6.74,2.85714285714286,"Stratum 2"
1999,5,139,"SDG","Adrian Dingle","DE",22,FALSE,0,0,1,6,12,70,7.63,2,"Stratum 2"
2009,1,5,"NYJ","Mark Sanchez","QB",22,FALSE,0,0,4,10,32,79,6.42,3.2,"Stratum 2"
1996,7,226,"DEN","Chris Banks","OG",23,FALSE,0,0,0,5,4,28,6.58,0.8,"Stratum 2"
1988,2,49,"SEA","Brian Blades","WR",23,FALSE,0,1,9,11,60,156,7.63,5.45454545454545,"Stratum 2"
2004,3,75,"PIT","Max Starks","OT",22,FALSE,0,0,6,10,44,125,6.94,4.4,"Stratum 2"
2008,3,91,"GNB","Jermichael Finley","TE",21,FALSE,0,0,3,6,27,70,6.42,4.5,"Stratum 2"
2019,3,95,"NYG","Oshane Ximines","DE",22,FALSE,0,0,0,6,8,50,7,1.33333333333333,"Stratum 2"
2001,2,36,"CIN","Chad Johnson","WR",23,FALSE,2,6,9,11,85,166,5.85,7.72727272727273,"Stratum 2"
2012,2,40,"CAR","Amini Silatolu","OG",23,FALSE,0,0,1,7,18,54,5.92,2.57142857142857,"Stratum 2"
2003,2,53,"NYJ","Victor Hobson","LB",23,FALSE,0,0,4,6,26,79,5.9,4.33333333333333,"Stratum 2"
1991,4,104,"PHI","William Thomas","LB",23,FALSE,0,2,10,11,73,172,6.31,6.63636363636364,"Stratum 2"
2006,2,41,"ARI","Deuce Lutui","OG",23,FALSE,0,0,5,7,34,101,5.84,4.85714285714286,"Stratum 2"
2014,3,91,"ARI","John Brown","WR",24,FALSE,0,0,5,9,36,103,6.46,4,"Stratum 2"
2006,3,75,"GNB","Jason Spitz","OG",23,FALSE,0,0,3,6,24,75,6.82,4,"Stratum 2"
2005,5,169,"CAR","Geoff Hangartner","OC",23,FALSE,0,0,5,9,36,118,7.22,4,"Stratum 2"
2015,5,146,"MIN","Stefon Diggs","WR",21,FALSE,1,4,11,11,90,161,5.66,8.18181818181818,"Stratum 2"
2010,5,153,"JAX","Austen Lane","DE",22,FALSE,0,0,2,4,7,30,6.54,1.75,"Stratum 2"
2020,2,35,"DET","D'Andre Swift","RB",21,FALSE,0,1,3,6,44,89,7.55,7.33333333333333,"Stratum 2"
1987,6,147,"HOU","Al Smith","LB",22,FALSE,1,2,8,10,54,125,6.45,5.4,"Stratum 2"
2003,6,189,"KAN","Jimmy Wilkerson","DE",22,FALSE,0,0,1,8,17,119,7.59,2.125,"Stratum 2"
1997,4,100,"ATL","Henri Crockett","LB",22,FALSE,0,0,7,7,28,103,6.06,4,"Stratum 2"
2011,4,122,"BUF","Chris Hairston","OT",22,FALSE,0,0,2,7,17,74,6.44,2.42857142857143,"Stratum 2"
1995,5,141,"DET","Stephen Boyd","LB",23,FALSE,0,2,4,7,41,86,7.12,5.85714285714286,"Stratum 2"
2008,6,187,"MIN","John Sullivan","OC",23,FALSE,0,0,8,11,54,153,7.11,4.90909090909091,"Stratum 2"
2015,5,174,"CAR","Cameron Artis-Payne","RB",25,FALSE,0,0,0,4,5,32,6,1.25,"Stratum 2"
1994,6,164,"IND","Lamont Warren","RB",21,FALSE,0,0,0,9,16,96,7.59,1.77777777777778,"Stratum 2"
2009,6,202,"OAK","Brandon Myers","TE",24,FALSE,0,0,5,8,12,115,5.93,1.5,"Stratum 2"
2016,7,245,"CIN","Clayton Fejedelem","S",23,FALSE,0,0,0,7,8,107,7.36,1.14285714285714,"Stratum 2"
2005,1,26,"SEA","Chris Spencer","OC",23,FALSE,0,0,6,10,38,137,7.44,3.8,"Stratum 2"
2020,7,216,"WAS","Kamren Curl","S",21,FALSE,0,0,6,6,29,93,7.43,4.83333333333333,"Stratum 2"
1993,2,35,"CHI","Carl Simpson","DT",23,FALSE,0,0,2,6,24,87,6.36,4,"Stratum 2"
1987,1,24,"SDG","Rod Bernstine","RB",22,FALSE,0,0,3,9,31,84,7.39,3.44444444444444,"Stratum 2"
2001,3,85,"MIA","Travis Minor","RB",22,FALSE,0,0,0,8,10,118,5.91,1.25,"Stratum 2"
2016,3,88,"GNB","Kyler Fackrell","LB",24,FALSE,0,0,1,6,16,86,7.03,2.66666666666667,"Stratum 2"
2020,2,36,"NYG","Xavier McKinney","S",22,FALSE,1,1,5,6,39,82,5.82,6.5,"Stratum 2"
2013,6,180,"SFO","Nick Moody","LB",23,FALSE,0,0,0,4,2,24,5.92,0.5,"Stratum 2"
2001,5,140,"SEA","Alex Bannister","WR",22,FALSE,0,1,0,6,1,59,6.99,0.166666666666667,"Stratum 2"
2012,3,71,"WAS","Josh LeRibeus","OG",23,FALSE,0,0,1,7,11,50,5.74,1.57142857142857,"Stratum 2"
2018,6,198,"KAN","Kahlil McKenzie","DT",21,FALSE,0,0,0,4,1,12,6,0.25,"Stratum 2"
2009,1,2,"STL","Jason Smith","OT",23,FALSE,0,0,2,4,10,45,6.2,2.5,"Stratum 2"
2005,1,24,"GNB","Aaron Rodgers","QB",21,FALSE,4,10,16,21,169,264,7.16,8.04761904761905,"Stratum 2"
2006,2,59,"TAM","Jeremy Trueblood","OT",23,FALSE,0,0,6,8,35,116,5.78,4.375,"Stratum 2"
2016,5,167,"ARI","Marqui Christian","S",21,FALSE,0,0,0,6,6,73,6.2,1,"Stratum 2"
2007,1,16,"GNB","Justin Harrell","DT",23,FALSE,0,0,0,4,2,14,7.06,0.5,"Stratum 2"
2009,5,173,"TEN","Javon Ringer","RB",22,FALSE,0,0,0,4,5,37,7.08,1.25,"Stratum 2"
1992,5,127,"NYJ","Cal Dixon","OC",22,FALSE,0,0,1,5,8,66,6.03,1.6,"Stratum 2"
2012,7,237,"SFO","Cam Johnson","DE",22,FALSE,0,0,1,5,5,28,6.82,1,"Stratum 2"
1989,2,45,"RAM","Frank Stams","LB",24,FALSE,0,0,2,7,17,82,6.19,2.42857142857143,"Stratum 2"
2019,1,27,"OAK","Johnathan Abram","S",22,FALSE,0,0,2,6,13,55,7.02,2.16666666666667,"Stratum 2"
2018,4,122,"BAL","Kenny Young","LB",23,FALSE,0,0,1,5,18,63,7.49,3.6,"Stratum 2"
2005,2,37,"DET","Shaun Cody","DT",22,FALSE,0,0,4,8,28,112,7.57,3.5,"Stratum 2"
1999,5,161,"SFO","Tyrone Hopson","OG",23,FALSE,0,0,0,6,3,23,7.26,0.5,"Stratum 2"
2012,4,113,"DAL","Kyle Wilber","LB",23,FALSE,0,0,1,10,13,135,6.18,1.3,"Stratum 2"
2014,5,144,"JAX","Telvin Smith","LB",23,FALSE,0,1,5,5,42,76,6.4,8.4,"Stratum 2"
2010,4,117,"ATL","Joe Hawley","OC",21,FALSE,0,0,3,8,27,91,6.74,3.375,"Stratum 2"
2002,6,186,"NOR","J.T. O'Sullivan","QB",23,FALSE,0,0,0,8,6,17,6.3,0.75,"Stratum 2"
2000,7,241,"JAX","Rob Meier","DE",23,FALSE,0,0,3,9,30,138,7.58,3.33333333333333,"Stratum 2"
2010,1,23,"GNB","Bryan Bulaga","OT",21,FALSE,0,0,9,12,56,126,7.34,4.66666666666667,"Stratum 2"
1996,4,110,"JAX","Reggie Barlow","WR",23,FALSE,0,0,0,8,8,82,5.7,1,"Stratum 2"
2018,3,97,"ARI","Mason Cole","OC",22,FALSE,0,0,4,6,25,94,6.32,4.16666666666667,"Stratum 2"
2000,6,168,"NOR","Marc Bulger","QB",23,FALSE,0,2,8,10,57,96,6.27,5.7,"Stratum 2"
1999,2,61,"DEN","Lennie Friedman","OG",23,FALSE,0,0,1,9,18,97,7.08,2,"Stratum 2"
1991,4,106,"DAL","Bill Musgrave","QB",23,FALSE,0,0,0,6,1,12,6.35,0.166666666666667,"Stratum 2"
1989,4,108,"MIN","Darryl Ingram","TE",23,FALSE,0,0,0,5,0,36,5.65,0,"Stratum 2"
2008,7,213,"JAX","Chauncey Washington","RB",23,FALSE,0,0,0,4,0,11,7.57,0,"Stratum 2"
2009,4,115,"DET","Sammie Lee Hill","DT",22,FALSE,0,0,3,7,21,97,5.99,3,"Stratum 2"
1990,7,192,"DEN","Shannon Sharpe","TE",22,TRUE,4,8,12,14,82,204,7.26,5.85714285714286,"Stratum 2"
2010,4,107,"BUF","Marcus Easley","WR",22,FALSE,0,0,0,6,1,42,8.6,0.166666666666667,"Stratum 3"
2020,3,93,"TEN","Darrynton Evans","RB",22,FALSE,0,0,0,5,3,24,9.11,0.6,"Stratum 3"
2006,1,28,"JAX","Marcedes Lewis","TE",22,FALSE,0,1,15,20,35,290,8.35,1.75,"Stratum 3"
2003,4,110,"SEA","Seneca Wallace","QB",23,FALSE,0,0,1,11,14,64,8.96,1.27272727272727,"Stratum 3"
2015,1,15,"SDG","Melvin Gordon","RB",22,FALSE,0,2,7,9,51,112,8.74,5.66666666666667,"Stratum 3"
2012,5,140,"TAM","Najee Goode","LB",23,FALSE,0,0,0,8,10,90,8.01,1.25,"Stratum 3"
1993,3,71,"WAS","Rick Hamilton","LB",23,FALSE,0,0,0,4,3,34,8.31,0.75,"Stratum 3"
1988,5,117,"RAM","Robert Delpino","RB",22,FALSE,0,0,1,6,25,88,8.63,4.16666666666667,"Stratum 3"
2010,6,179,"DAL","Sam Young","OT",23,FALSE,0,0,1,11,16,103,8.59,1.45454545454545,"Stratum 3"
1990,3,60,"SDG","Leo Goeas","OG",24,FALSE,0,0,5,8,33,111,8.33,4.125,"Stratum 3"
2003,5,161,"SFO","Aaron Walker","TE",23,FALSE,0,0,0,5,3,55,8.32,0.6,"Stratum 3"
2020,1,26,"GNB","Jordan Love","QB",21,FALSE,0,0,3,6,42,57,8.43,7,"Stratum 3"
2006,5,142,"ARI","Brandon Johnson","LB",23,FALSE,0,0,1,7,13,87,8.47,1.85714285714286,"Stratum 3"
2007,2,33,"ARI","Alan Branch","DT",22,FALSE,0,0,6,11,42,146,8.55,3.81818181818182,"Stratum 3"
2007,2,46,"PIT","LaMarr Woodley","DE",22,FALSE,0,1,7,9,54,110,8.76,6,"Stratum 3"
2010,2,39,"TAM","Arrelious Benn","WR",21,FALSE,0,0,2,8,8,61,8.23,1,"Stratum 3"
1995,1,17,"NYG","Tyrone Wheatley","RB",23,FALSE,0,0,4,10,39,124,9.11,3.9,"Stratum 3"
2004,4,101,"ATL","Demorrio Williams","LB",24,FALSE,0,0,5,9,33,138,9.04,3.66666666666667,"Stratum 3"
2008,5,160,"TAM","Josh Johnson","QB",22,FALSE,0,0,0,18,9,50,7.72,0.5,"Stratum 3"
2017,3,67,"NOR","Alvin Kamara","RB",22,FALSE,0,5,7,9,79,126,8.08,8.77777777777778,"Stratum 3"
2004,4,105,"KAN","Samie Parker","WR",23,FALSE,0,0,2,4,13,47,8.49,3.25,"Stratum 3"
2015,3,90,"BAL","Carl Davis","DT",23,FALSE,0,0,1,10,13,78,8.7,1.3,"Stratum 3"
1993,1,16,"IND","Sean Dawkins","WR",22,FALSE,0,0,7,9,48,140,8.47,5.33333333333333,"Stratum 3"
2008,6,195,"MIA","Donald Thomas","OG",22,FALSE,0,0,1,6,16,45,7.93,2.66666666666667,"Stratum 3"
2017,4,108,"GNB","Vince Biegel","LB",24,FALSE,0,0,1,5,5,43,8.81,1,"Stratum 3"
2006,2,44,"NYG","Sinorice Moss","WR",22,FALSE,0,0,0,4,4,37,8.68,1,"Stratum 3"
2019,5,143,"NYG","Ryan Connelly","LB",23,FALSE,0,0,0,5,4,32,7.81,0.8,"Stratum 3"
1994,2,33,"RAM","Isaac Bruce","WR",21,TRUE,0,4,13,16,101,223,8.84,6.3125,"Stratum 3"
2018,7,233,"PHI","Jordan Mailata","OT",21,FALSE,0,0,6,8,41,90,8.61,5.125,"Stratum 3"
2003,2,47,"KAN","Kawika Mitchell","LB",23,FALSE,0,0,6,8,37,97,9.11,4.625,"Stratum 3"
2005,4,129,"IND","Dylan Gandy","OG",23,FALSE,0,0,1,9,19,120,8.83,2.11111111111111,"Stratum 3"
2004,4,103,"TEN","Bo Schobel","DE",23,FALSE,0,0,0,4,3,29,8.93,0.75,"Stratum 3"
2017,5,174,"ATL","Eric Saubert","TE",23,FALSE,0,0,0,9,2,112,7.7,0.222222222222222,"Stratum 3"
1999,5,138,"IND","Brad Scioli","DE",23,FALSE,0,0,2,6,14,80,8.32,2.33333333333333,"Stratum 3"
2017,3,93,"GNB","Montravius Adams","DT",22,FALSE,0,0,1,8,15,96,7.89,1.875,"Stratum 3"
2019,3,72,"CIN","Germaine Pratt","LB",23,FALSE,0,0,7,7,45,112,8.5,6.42857142857143,"Stratum 3"
2007,5,164,"CAR","Tim Shaw","LB",23,FALSE,0,0,0,6,6,80,8.89,1,"Stratum 3"
2000,5,166,"NOR","Chad Morton","RB",23,FALSE,0,0,0,7,10,93,8.08,1.42857142857143,"Stratum 3"
2001,3,79,"NYJ","Kareem McKenzie","OT",22,FALSE,0,0,10,11,62,161,8.82,5.63636363636364,"Stratum 3"
2000,2,37,"ATL","Travis Claridge","OG",22,FALSE,0,0,3,4,23,52,8.83,5.75,"Stratum 3"
2014,2,36,"OAK","Derek Carr","QB",23,FALSE,0,4,11,11,93,169,8.52,8.45454545454546,"Stratum 3"
2012,1,12,"PHI","Fletcher Cox","DT",21,FALSE,1,6,12,12,95,188,9,7.91666666666667,"Stratum 3"
1991,1,8,"PHI","Antone Davis","OT",24,FALSE,0,0,6,7,35,97,8.25,5,"Stratum 3"
2008,1,18,"BAL","Joe Flacco","QB",23,FALSE,0,1,12,18,97,209,8.14,5.38888888888889,"Stratum 3"
2016,3,79,"PHI","Isaac Seumalo","OG",22,FALSE,0,1,7,10,39,125,7.82,3.9,"Stratum 3"
1991,2,53,"SFO","John Johnson","LB",23,FALSE,0,0,1,5,10,46,8.47,2,"Stratum 3"
2018,4,131,"MIA","Kalen Ballage","RB",22,FALSE,0,0,1,4,6,52,9.12,1.5,"Stratum 3"
1989,3,82,"BUF","Don Beebe","WR",24,FALSE,0,0,4,9,33,116,8.66,3.66666666666667,"Stratum 3"
2019,7,217,"MIN","Kris Boyd","CB",22,FALSE,0,0,0,6,6,81,9.13,1,"Stratum 3"
1999,1,15,"TAM","Anthony McFarland","DT",21,FALSE,0,0,7,8,43,109,8.96,5.375,"Stratum 3"
2018,3,96,"BUF","Harrison Phillips","DT",22,FALSE,0,0,4,8,35,113,8.1,4.375,"Stratum 3"
1993,8,222,"SDG","Trent Green","QB",23,FALSE,0,2,7,16,94,120,9.09,5.875,"Stratum 3"
2007,7,215,"ARI","Ben Patrick","TE",23,FALSE,0,0,2,4,4,42,7.93,1,"Stratum 3"
2016,6,176,"DEN","Andy Janovich","FB",23,FALSE,0,0,1,6,2,77,8.11,0.333333333333333,"Stratum 3"
1989,4,94,"PHO","Jim Wahler","DT",23,FALSE,0,0,3,5,18,62,7.71,3.6,"Stratum 3"
2015,2,34,"TAM","Donovan Smith","OT",22,FALSE,0,0,9,9,57,136,8.08,6.33333333333333,"Stratum 3"
1995,3,83,"CHI","Sean Harris","LB",23,FALSE,0,0,3,7,20,83,7.69,2.85714285714286,"Stratum 3"
2010,3,74,"JAX","D'Anthony Smith","DT",22,FALSE,0,0,0,6,1,12,8.82,0.166666666666667,"Stratum 3"
2006,4,120,"CHI","Jamar Williams","LB",22,FALSE,0,0,0,5,5,54,8.33,1,"Stratum 3"
2012,7,211,"TEN","Scott Solomon","DE",23,FALSE,0,0,0,4,2,24,8.04,0.5,"Stratum 3"
2004,3,86,"JAX","Jorge Cordova","LB",22,FALSE,0,0,0,4,1,17,8.4,0.25,"Stratum 3"
2008,2,47,"PHI","Trevor Laws","DT",23,FALSE,0,0,0,4,7,56,7.8,1.75,"Stratum 3"
2015,4,129,"GNB","Jake Ryan","LB",23,FALSE,0,0,2,5,14,45,8.54,2.8,"Stratum 3"
2007,6,191,"GNB","Korey Hall","LB",24,FALSE,0,0,2,5,0,61,8.22,0,"Stratum 3"
2018,6,204,"NYJ","Trenton Cannon","RB",24,FALSE,0,0,0,5,2,48,9.07,0.4,"Stratum 3"
1999,2,35,"PHI","Barry Gardner","LB",22,FALSE,0,0,1,7,18,110,8.55,2.57142857142857,"Stratum 3"
2000,1,28,"IND","Rob Morris","LB",25,FALSE,0,0,4,8,24,99,8.62,3,"Stratum 3"
1998,4,96,"STL","Az-Zahir Hakim","WR",21,FALSE,0,0,2,9,38,110,7.9,4.22222222222222,"Stratum 3"
2019,2,56,"KAN","Mecole Hardman","WR",21,FALSE,0,1,0,7,23,82,8.3,3.28571428571429,"Stratum 3"
1990,3,72,"HOU","Willis Peguese","DE",23,FALSE,0,0,0,4,4,35,8.53,1,"Stratum 3"
2003,5,167,"OAK","Doug Gabriel","WR",23,FALSE,0,0,1,4,14,57,7.89,3.5,"Stratum 3"
1990,2,27,"ATL","Darion Conner","LB",22,FALSE,0,0,6,8,30,114,8.65,3.75,"Stratum 3"
2019,3,89,"IND","Bobby Okereke","LB",23,FALSE,0,0,7,7,39,110,8.4,5.57142857142857,"Stratum 3"
2009,7,246,"CHI","Lance Louis","OG",24,FALSE,0,0,2,7,18,61,8.69,2.57142857142857,"Stratum 3"
2007,4,132,"PIT","Ryan McBean","DT",23,FALSE,0,0,1,5,11,47,7.87,2.2,"Stratum 3"
1987,4,87,"TAM","Ron Hall","TE",23,FALSE,0,0,7,9,18,119,9.41,2,"Stratum 4"
2020,1,23,"LAC","Kenneth Murray","LB",21,FALSE,0,0,5,6,32,90,9.89,5.33333333333333,"Stratum 4"
2015,1,7,"CHI","Kevin White","WR",23,FALSE,0,0,0,8,3,30,9.72,0.375,"Stratum 4"
2012,2,34,"IND","Coby Fleener","TE",23,FALSE,0,0,4,6,25,87,9.77,4.16666666666667,"Stratum 4"
2004,3,80,"CIN","Caleb Miller","LB",24,FALSE,0,0,0,4,8,39,9.23,2,"Stratum 4"
1999,2,44,"MIN","Jim Kleinsasser","TE",22,FALSE,0,0,10,13,14,181,9.47,1.07692307692308,"Stratum 4"
2014,4,132,"SEA","Kevin Pierre-Louis","LB",22,FALSE,0,0,1,9,15,95,9.76,1.66666666666667,"Stratum 4"
1997,2,34,"BAL","Jamie Sharper","LB",22,FALSE,0,0,9,9,60,136,9.41,6.66666666666667,"Stratum 4"
2016,7,236,"DET","Dwayne Washington","RB",22,FALSE,0,0,0,8,4,96,9.82,0.5,"Stratum 4"
1999,2,57,"NYJ","Randy Thomas","OG",23,FALSE,0,0,9,11,51,143,9.91,4.63636363636364,"Stratum 4"
2001,4,96,"NWE","Kenyatta Jones","OT",22,FALSE,0,0,1,4,7,21,9.35,1.75,"Stratum 4"
2001,1,27,"MIN","Michael Bennett","RB",23,FALSE,0,1,3,10,34,107,9.17,3.4,"Stratum 4"
1993,3,83,"CLE","Mike Caldwell","LB",22,FALSE,0,0,2,11,31,159,9.58,2.81818181818182,"Stratum 4"
2014,1,6,"ATL","Jake Matthews","OT",22,FALSE,0,1,12,12,75,196,9.49,6.25,"Stratum 4"
1994,1,11,"CHI","John Thierry","DE",23,FALSE,0,0,6,9,33,131,9.94,3.66666666666667,"Stratum 4"
2010,7,217,"TAM","Dekoda Watson","LB",22,FALSE,0,0,0,10,11,108,9.44,1.1,"Stratum 4"
1994,2,51,"DEN","Allen Aldridge","LB",22,FALSE,0,0,7,8,40,128,9.76,5,"Stratum 4"
2019,1,17,"NYG","Dexter Lawrence","DT",21,FALSE,0,3,6,7,55,109,9.86,7.85714285714286,"Stratum 4"
2019,3,88,"SEA","Cody Barton","LB",22,FALSE,0,0,4,7,28,112,9.29,4,"Stratum 4"
1993,1,14,"CLE","Steve Everitt","OC",23,FALSE,0,0,6,8,36,103,9.75,4.5,"Stratum 4"
2018,2,62,"MIN","Brian O'Neill","OT",22,FALSE,0,2,8,8,56,124,9.6,7,"Stratum 4"
2013,1,1,"KAN","Eric Fisher","OT",22,FALSE,0,2,8,9,62,132,9.82,6.88888888888889,"Stratum 4"
1992,3,63,"SDG","Ray Ethridge","WR",23,FALSE,0,0,0,6,0,16,9.67,0,"Stratum 4"
2002,1,18,"ATL","T.J. Duckett","RB",21,FALSE,0,0,1,7,22,93,9.93,3.14285714285714,"Stratum 4"
2017,3,87,"NYG","Davis Webb","QB",22,FALSE,0,0,0,6,1,2,9.39,0.166666666666667,"Stratum 4"
2009,7,249,"CIN","Clinton McDonald","DT",22,FALSE,0,0,2,11,26,121,9.72,2.36363636363636,"Stratum 4"
2019,4,107,"TAM","Anthony Nelson","DE",22,FALSE,0,0,0,7,17,107,9.49,2.42857142857143,"Stratum 4"
1992,5,116,"NWE","Dwayne Sabb","LB",22,FALSE,0,0,3,5,15,74,9.53,3,"Stratum 4"
1997,4,127,"DAL","Macey Brooks","WR",22,FALSE,0,0,0,4,3,25,9.21,0.75,"Stratum 4"
2007,7,239,"BUF","C.J. Ah You","DE",25,FALSE,0,0,0,5,4,33,9.18,0.8,"Stratum 4"
2001,4,102,"ATL","Matt Stewart","LB",22,FALSE,0,0,4,6,26,93,9.65,4.33333333333333,"Stratum 4"
2019,3,93,"BAL","Miles Boykin","WR",22,FALSE,0,0,2,5,6,73,9.94,1.2,"Stratum 4"
1993,7,194,"SFO","Troy Wilson","DE",22,FALSE,0,0,0,9,7,61,9.93,0.777777777777778,"Stratum 4"
1999,2,36,"IND","Mike Peterson","LB",23,FALSE,0,0,11,14,73,198,9.67,5.21428571428571,"Stratum 4"
2020,3,71,"BAL","Nnamdi Madubuike","DT",22,FALSE,0,2,4,6,38,78,9.32,6.33333333333333,"Stratum 4"
1990,2,43,"PIT","Kenny Davidson","DE",23,FALSE,0,0,4,7,30,93,9.71,4.28571428571429,"Stratum 4"
2007,1,22,"CLE","Brady Quinn","QB",22,FALSE,0,0,1,6,2,24,9.88,0.333333333333333,"Stratum 4"
2019,3,76,"WAS","Terry McLaurin","WR",23,FALSE,0,2,7,7,51,107,9.56,7.28571428571429,"Stratum 4"
2007,1,8,"ATL","Jamaal Anderson","DE",21,FALSE,0,0,3,6,20,77,9.85,3.33333333333333,"Stratum 4"
1997,3,73,"MIA","Jason Taylor","DE",23,TRUE,3,6,12,15,118,233,9.51,7.86666666666667,"Stratum 4"
2001,3,90,"TEN","Shad Meier","TE",23,FALSE,0,0,0,5,3,53,9.62,0.6,"Stratum 4"
2016,1,9,"CHI","Leonard Floyd","LB",23,FALSE,0,0,10,10,63,153,9.81,6.3,"Stratum 4"
2003,2,37,"NOR","Jon Stinchcomb","OT",24,FALSE,0,1,5,8,45,90,9.84,5.625,"Stratum 4"
1987,2,56,"MIA","Scott Schwedes","WR",22,FALSE,0,0,0,4,5,46,9.74,1.25,"Stratum 4"
2018,1,19,"DAL","Leighton Vander Esch","LB",21,FALSE,0,1,5,6,35,71,9.98,5.83333333333333,"Stratum 4"
2004,6,181,"TAM","Nate Lawrie","TE",22,FALSE,0,0,0,5,0,26,9.81,0,"Stratum 4"
1988,8,216,"CLE","J.J. Birden","WR",23,FALSE,0,0,5,9,30,93,9.25,3.33333333333333,"Stratum 4"
1992,6,143,"CLE","Rico Smith","WR",23,FALSE,0,0,0,4,4,29,9.93,1,"Stratum 4"
2009,2,46,"HOU","Connor Barwin","DE",22,FALSE,0,1,7,10,51,142,9.56,5.1,"Stratum 4"
2000,3,87,"CHI","Dustin Lyman","TE",24,FALSE,0,0,1,5,2,55,9.92,0.4,"Stratum 4"
2016,6,207,"SFO","Jeff Driskel","QB",23,FALSE,0,0,0,9,7,25,9.52,0.777777777777778,"Stratum 4"
2018,4,109,"WAS","Troy Apke","S",23,FALSE,0,0,1,5,6,52,9.94,1.2,"Stratum 4"
2019,1,3,"NYJ","Quinnen Williams","DT",21,FALSE,1,4,6,7,57,105,9.84,8.14285714285714,"Stratum 4"
1999,3,82,"SEA","Karsten Bailey","WR",22,FALSE,0,0,0,5,1,19,10,0.2,"Stratum 4"
2012,5,154,"SEA","Korey Toomer","LB",23,FALSE,0,0,0,7,11,53,9.85,1.57142857142857,"Stratum 4"
1987,1,12,"DAL","Danny Noonan","DT",22,FALSE,0,0,2,6,20,73,10,3.33333333333333,"Stratum 4"
1997,6,177,"MIA","Ed Perry","TE",23,FALSE,0,0,0,9,2,109,9.27,0.222222222222222,"Stratum 4"
2018,3,72,"NYJ","Nathan Shepherd","DT",24,FALSE,0,0,2,8,25,122,9.19,3.125,"Stratum 4"
2017,2,61,"GNB","Josh Jones","S",22,FALSE,0,0,1,6,11,70,9.3,1.83333333333333,"Stratum 4"
2000,2,44,"GNB","Chad Clifton","OT",24,FALSE,0,2,10,12,72,165,9.76,6,"Stratum 4"
2002,1,32,"WAS","Patrick Ramsey","QB",23,FALSE,0,0,1,7,14,37,9.33,2,"Stratum 4"
2015,1,19,"CLE","Cameron Erving","OC",23,FALSE,0,0,3,9,28,98,9.29,3.11111111111111,"Stratum 4"
1993,8,210,"DEN","Brian Stablein","WR",23,FALSE,0,0,0,8,7,87,9.77,0.875,"Stratum 4"
2000,5,139,"STL","Brian Young","DT",23,FALSE,0,0,6,9,39,123,9.36,4.33333333333333,"Stratum 4"
2000,4,110,"CLE","Aaron Shea","TE",23,FALSE,0,0,0,6,6,65,9.67,1,"Stratum 4"
1997,2,51,"WAS","Greg Jones","LB",23,FALSE,0,0,1,6,16,82,9.34,2.66666666666667,"Stratum 4"
2019,1,9,"BUF","Ed Oliver","DT",21,FALSE,0,0,5,7,43,95,9.88,6.14285714285714,"Stratum 4"
2017,3,84,"TAM","Chris Godwin","WR",21,FALSE,0,1,6,9,53,120,9.66,5.88888888888889,"Stratum 4"
2016,1,18,"IND","Ryan Kelly","OC",23,FALSE,0,4,9,10,56,129,9.54,5.6,"Stratum 4"
2015,6,186,"NYG","Geremy Davis","WR",23,FALSE,0,0,0,5,0,36,9.66,0,"Stratum 4"
2019,5,166,"LAC","Easton Stick","QB",23,FALSE,0,0,0,5,4,6,9.46,0.8,"Stratum 4"
2010,3,69,"OAK","Jared Veldheer","OT",23,FALSE,0,0,8,11,45,121,10,4.09090909090909,"Stratum 4"
2020,2,41,"IND","Jonathan Taylor","RB",21,FALSE,1,3,5,6,58,84,9.53,9.66666666666667,"Stratum 4"
2005,1,2,"MIA","Ronnie Brown","RB",23,FALSE,0,1,6,10,41,132,9.38,4.1,"Stratum 4"
2013,7,239,"PHI","David King","DE",23,FALSE,0,0,0,5,1,17,9.28,0.2,"Stratum 4"
